{"x": [[1.0096707969747465, 1.0096801222316936], [1.0102400928351913, 1.0201842176876157], [1.0145084427556759, -0.9979957824976781], [1.0002050067918298, 1.005350061432906], [1.0179453778605305, -0.9808085416383806], [-0.9994114592114893, 1.0004190690650083], [-0.9937087127809517, 1.001637258496821], [-0.9940442231542919, -0.9758268067278342], [1.0028958323730444, -0.9800198125789247], [-0.9763269945238217, -0.9778119644731138], [-0.9930030474775743, 1.0196618121919059], [-0.9960283859241488, -0.9801624309116029]], "y": [[-0.9945667433514138, -0.9804254094563466], [-0.9943310377575798, 1.0074375209549038], [1.001419821516571, 1.0106981184942108], [-0.980443132413542, 1.0203695658329535], [1.005329685099904, 1.0191045303266235], [1.0059395679506289, 1.0034896633165769], [1.0030824974683725, -0.9912424439116737], [1.0097664492473732, 1.0100935568858622], [-0.9867139932977881, 1.0231531374039693], [-0.9803398351300944, 1.0168865923845847], [-0.991324808892307, 1.0129784954238041], [1.0214898739538292, 1.0139496507821473]], "z": [[1.007329552425831, 1.0113133931236011], [-0.9995962383648395, 1.0218470188421256], [-0.994923187396343, 1.0216582872549167], [1.0174241965659239, -0.9957177102358941], [-0.9994174371770673, -0.9956775645722593], [1.0132141557631196, -0.9901257939623166], [-0.9967181999249136, -0.9962096501035815], [-0.9761719501776619, -0.9871464219745123], [1.0203917673578389, -0.9830490614750271], [1.016710413913, 1.0116268991910937], [-0.9990144961164101, 1.0140224069006236], [1.0240528028682645, 1.0178712680729525]]}